,window,time_step,name_dataset,name_model,time,num_params,RMSE,MAPE,SMAPE,MAE,R2,NRMSE,FB
0,0,Appliances (t+5),AEC10,LSTM,211.48,138562,269.37939453125,196.78837060928345,35.79210042953491,141.00027465820312,-4.9475932926923285,0.11057749884424467,-0.7487572943610138
1,0,Appliances (t+10),AEC10,LSTM,211.48,138562,306.8775634765625,275.4134178161621,44.110795855522156,165.6700897216797,-6.0373098144643125,0.1237358735253847,-0.6506273386539998
2,0,Appliances (t+15),AEC10,LSTM,211.48,138562,180.4666748046875,172.65177965164185,39.812931418418884,129.5897674560547,-1.364260549131469,0.23305669093527684,-0.4263102676055025
3,0,Appliances (t+20),AEC10,LSTM,211.48,138562,180.08082580566406,130.7512402534485,32.804134488105774,100.39313507080078,-1.3578934946527883,0.12956330084960527,-0.239983730963074
4,0,Appliances (t+25),AEC10,LSTM,211.48,138562,132.56524658203125,93.08962225914001,34.949541091918945,88.84839630126953,-0.2815490298756269,0.3984983305610262,0.1406320277505653
5,0,Appliances (t+30),AEC10,LSTM,211.48,138562,132.90673828125,77.73810625076294,30.50535023212433,81.10177612304688,-0.2915703240292429,0.23444309074912179,0.25593608657209893
6,1,Appliances (t+5),AEC10,LSTM,211.36,138562,384.30902099609375,481.56399726867676,53.12248468399048,295.88336181640625,-7.7979890833480106,0.35233954092196124,-1.1017727725697573
7,1,Appliances (t+10),AEC10,LSTM,211.36,138562,576.1480102539062,651.4755725860596,56.04281425476074,435.20452880859375,-16.608143904681786,0.3943304380315379,-1.2597113887612974
8,1,Appliances (t+15),AEC10,LSTM,211.36,138562,543.6364135742188,532.0914268493652,52.94541120529175,371.0665588378906,-14.37425520333612,0.3250856444305882,-1.1516936757131517
9,1,Appliances (t+20),AEC10,LSTM,211.36,138562,836.4917602539062,810.3218078613281,61.81566119194031,591.6435546875,-35.178477616819414,0.33128312872138377,-1.3774198173144716
10,1,Appliances (t+25),AEC10,LSTM,211.36,138562,432.26336669921875,364.84527587890625,50.84129571914673,287.25616455078125,-8.681186925753412,0.2031045309652976,-0.9729610684252898
11,1,Appliances (t+30),AEC10,LSTM,211.36,138562,293.1171569824219,193.90273094177246,65.95027446746826,205.78884887695312,-3.4580204353340926,0.43316601747210537,7.596498496794264
12,2,Appliances (t+5),AEC10,LSTM,100.09,138562,159.11146545410156,35.811904072761536,21.672412753105164,70.86792755126953,0.003883799330048232,0.9048483946025282,0.6614085461320529
13,2,Appliances (t+10),AEC10,LSTM,100.09,138562,177.48341369628906,48.762959241867065,26.992404460906982,85.8838882446289,-0.24020494717781138,0.24974022325641473,0.4763369032433592
14,2,Appliances (t+15),AEC10,LSTM,100.09,138562,162.91360473632812,41.25821590423584,25.806212425231934,76.35113525390625,-0.048521927931221676,0.752160062828969,0.7406300246827264
15,2,Appliances (t+20),AEC10,LSTM,100.09,138562,176.69265747070312,41.91425144672394,28.220078349113464,83.35940551757812,-0.23163819538414132,1.7988363214958962,0.9080585248132547
16,2,Appliances (t+25),AEC10,LSTM,100.09,138562,178.59507751464844,43.80272924900055,28.09254825115204,84.26211547851562,-0.2617855950436574,1.3723439168433529,0.8594082766394516
17,2,Appliances (t+30),AEC10,LSTM,100.09,138562,172.57191467285156,54.466211795806885,29.670876264572144,84.78618621826172,-0.1799355642411793,1.16788049892967,0.6914839372326387
18,3,Appliances (t+5),AEC10,LSTM,170.47,138562,246.74142456054688,484.0886116027832,53.509265184402466,167.96205139160156,-162.31152864529454,0.31155435169119444,-1.2527981365784686
19,3,Appliances (t+10),AEC10,LSTM,170.47,138562,143.98919677734375,331.49046897888184,49.325600266456604,109.21128845214844,-53.84153857963911,0.3437701184264021,-1.0365860455565497
20,3,Appliances (t+15),AEC10,LSTM,170.47,138562,202.22518920898438,455.8418273925781,56.11550211906433,157.98208618164062,-109.91352269350723,0.4180096427443398,-1.269939937895551
21,3,Appliances (t+20),AEC10,LSTM,170.47,138562,332.2581481933594,726.980447769165,58.4267258644104,248.2866973876953,-295.86284204382605,0.3627155626044302,-1.4617457938426417
22,3,Appliances (t+25),AEC10,LSTM,170.47,138562,142.9263153076172,274.39892292022705,46.28126323223114,104.14579010009766,-53.47599362595261,0.3767273708039856,-1.0122482035469655
23,3,Appliances (t+30),AEC10,LSTM,170.47,138562,59.66844177246094,126.94377899169922,42.79409050941467,47.257484436035156,-8.739473094432098,0.2686246258904165,-0.3545579603195324
24,4,Appliances (t+5),AEC10,LSTM,138.55,138562,120.52033233642578,128.15489768981934,39.907991886138916,96.73054504394531,-1.081545138379152,0.33053136637606173,-0.38438999021051506
25,4,Appliances (t+10),AEC10,LSTM,138.55,138562,107.2315673828125,101.19415521621704,38.612666726112366,80.24585723876953,-0.660783551051181,0.43999274226176216,-0.15152544515309285
26,4,Appliances (t+15),AEC10,LSTM,138.55,138562,147.7403564453125,158.25705528259277,41.19366109371185,112.15399932861328,-2.1313171242727824,0.3378864290100875,-0.5269249057065962
27,4,Appliances (t+20),AEC10,LSTM,138.55,138562,236.8555450439453,315.20042419433594,54.11384701728821,209.33609008789062,-6.498604211865326,0.3961996489720267,-0.9694035638572452
28,4,Appliances (t+25),AEC10,LSTM,138.55,138562,265.9074401855469,367.678427696228,57.52363204956055,248.3284912109375,-8.43270299425257,0.6121592930550442,-1.0755260748472066
29,4,Appliances (t+30),AEC10,LSTM,138.55,138562,244.64810180664062,307.90348052978516,59.47887301445007,226.167724609375,-5.793446957725212,0.35194851172494535,-0.8915214960301332
30,5,Appliances (t+5),AEC10,LSTM,211.73,138562,75.72148895263672,54.346323013305664,31.883445382118225,44.32462692260742,-0.04824856140608391,0.5509197531782486,0.3737534392947776
31,5,Appliances (t+10),AEC10,LSTM,211.73,138562,90.63395690917969,104.31169271469116,38.091862201690674,65.0893325805664,-0.8242232319081682,0.2827124557960369,-0.24715393052382417
32,5,Appliances (t+15),AEC10,LSTM,211.73,138562,126.20556640625,171.87433242797852,46.23247683048248,94.25572204589844,-3.0708819609429874,0.2968453314216957,-0.5925525999817085
33,5,Appliances (t+20),AEC10,LSTM,211.73,138562,107.95645904541016,161.4223837852478,40.66666066646576,83.35379028320312,-1.9688356900314092,0.2811839643176706,-0.5714490397406694
34,5,Appliances (t+25),AEC10,LSTM,211.73,138562,92.58016204833984,150.33167600631714,35.62539219856262,74.83135223388672,-1.1765676802435268,0.40160494809407327,-0.5409328546271012
35,5,Appliances (t+30),AEC10,LSTM,211.73,138562,87.73770904541016,144.00687217712402,34.844598174095154,67.4540786743164,-0.936936382810375,0.36489145358829883,-0.4134203918631393
36,6,Appliances (t+5),AEC10,LSTM,209.34,138562,346.93426513671875,311.79609298706055,68.56275796890259,253.0841827392578,-6.354374475100537,0.13302798820926312,0.012212160259840078
37,6,Appliances (t+10),AEC10,LSTM,209.34,138562,727.78857421875,783.2461833953857,79.19490337371826,580.8477172851562,-31.678905567634416,0.20142512800806883,-8.09252184655322
38,6,Appliances (t+15),AEC10,LSTM,209.34,138562,1455.9581298828125,1525.6499290466309,97.11365699768066,1132.4874267578125,-130.8010993262228,0.29525364138126475,-2.6239638918718295
39,6,Appliances (t+20),AEC10,LSTM,209.34,138562,350.3832092285156,285.1062297821045,56.316930055618286,261.7072448730469,-6.782477392354869,0.1222256460756834,-0.7868297148910399
40,6,Appliances (t+25),AEC10,LSTM,209.34,138562,625.4495849609375,448.35524559020996,83.21547508239746,443.2143249511719,-23.892496215203057,0.14700378905338163,2.0387362623455383
41,6,Appliances (t+30),AEC10,LSTM,209.34,138562,1842.3834228515625,1581.0454368591309,71.0540771484375,1328.4007568359375,-210.3428773345655,0.35950955431672865,-1.6587551022602252
42,7,Appliances (t+5),AEC10,LSTM,211.13,138562,116.0605697631836,116.04666709899902,39.078038930892944,79.80264282226562,-0.629381969034098,0.23556060617510038,0.028967994121888805
43,7,Appliances (t+10),AEC10,LSTM,211.13,138562,119.36463928222656,96.37521505355835,40.37044644355774,75.83126068115234,-0.7979365896570054,0.34124254692919787,0.48903205117752885
44,7,Appliances (t+15),AEC10,LSTM,211.13,138562,101.72908782958984,77.86975502967834,37.71139681339264,62.58961868286133,-0.3998680710452922,0.1945046462299766,0.2848731017969726
45,7,Appliances (t+20),AEC10,LSTM,211.13,138562,94.92483520507812,89.46776390075684,29.533812403678894,63.57551956176758,-0.21681834385333532,0.4195768077195193,-0.2591955829232008
46,7,Appliances (t+25),AEC10,LSTM,211.13,138562,151.5852813720703,190.65420627593994,44.27383244037628,122.09193420410156,-2.1038438201487195,0.35650211759744327,-0.6993842845473515
47,7,Appliances (t+30),AEC10,LSTM,211.13,138562,164.5816192626953,215.6590223312378,46.14932835102081,132.55860900878906,-2.665149890121426,0.36123617820503545,-0.761806517353023
48,8,Appliances (t+5),AEC10,LSTM,181.23,138562,119.51163482666016,106.22915029525757,47.63784110546112,82.69638061523438,-0.8330988841223892,0.22308728845440898,0.7298995043782767
49,8,Appliances (t+10),AEC10,LSTM,181.23,138562,364.4654541015625,365.88969230651855,66.16525650024414,256.1409912109375,-14.475566788022851,0.28388547107220663,-13.867951689847107
50,8,Appliances (t+15),AEC10,LSTM,181.23,138562,374.9515075683594,566.9293880462646,64.77450728416443,335.3450622558594,-17.169842830395996,0.3950520723977675,-1.1976232391716424
51,8,Appliances (t+20),AEC10,LSTM,181.23,138562,170.56141662597656,180.33961057662964,52.962857484817505,124.35609436035156,-2.7650796413043177,0.26702530066499325,0.3133445074859102
52,8,Appliances (t+25),AEC10,LSTM,181.23,138562,158.2264404296875,151.68375968933105,49.570074677467346,117.01410675048828,-1.9820311568968396,0.2770238811332326,0.11692143054865768
53,8,Appliances (t+30),AEC10,LSTM,181.23,138562,470.2071533203125,725.1237392425537,66.47171974182129,423.3568115234375,-32.04488953111513,0.4512974486631969,-1.3535807224949385
54,9,Appliances (t+5),AEC10,LSTM,211.53,138562,3987.827880859375,369.504189491272,32.375866174697876,538.1394653320312,-1125.1928452947698,0.08750459751366119,-3.6625748980006
55,9,Appliances (t+10),AEC10,LSTM,211.53,138562,3383.141845703125,356.27546310424805,32.24489390850067,468.91522216796875,-805.54458938361,0.08778880439841939,-4.308855076112678
56,9,Appliances (t+15),AEC10,LSTM,211.53,138562,2398.712158203125,324.7458219528198,34.51896905899048,393.26519775390625,-399.26603545774594,0.08972569400685651,-13.028775142548747
57,9,Appliances (t+20),AEC10,LSTM,211.53,138562,1280.7550048828125,306.95648193359375,34.218889474868774,241.49465942382812,-107.14850002326014,0.09497352603609853,6.7401058780508105
58,9,Appliances (t+25),AEC10,LSTM,211.53,138562,1708.61474609375,288.41753005981445,30.434024333953857,282.9483337402344,-183.9780043945858,0.09648907292324657,-47.768542808815965
59,9,Appliances (t+30),AEC10,LSTM,211.53,138562,4616.03125,744.638729095459,26.835721731185913,624.999755859375,-1355.3834798013563,0.09600998103937257,-3.2632891356286113
60,10,Appliances (t+5),AEC10,LSTM,210.86,138562,176.7571563720703,114.88373279571533,47.00835943222046,113.48111724853516,-0.7017593891332545,0.3857449977672395,0.8837889029144482
61,10,Appliances (t+10),AEC10,LSTM,210.86,138562,144.6214141845703,105.0936222076416,44.55661475658417,96.93379974365234,-0.3363569723289703,0.5173173057672645,0.4276903439289592
62,10,Appliances (t+15),AEC10,LSTM,210.86,138562,196.39805603027344,242.66669750213623,50.59296488761902,160.17263793945312,-1.6199567898993354,0.31641981557140886,-0.5001211942450222
63,10,Appliances (t+20),AEC10,LSTM,210.86,138562,134.4558868408203,135.01847982406616,45.25880515575409,96.99818420410156,-0.5036576359877722,0.3137041680708241,0.2250114198898401
64,10,Appliances (t+25),AEC10,LSTM,210.86,138562,157.7226104736328,227.43217945098877,43.68831217288971,125.94876861572266,-1.1313590891232725,0.4980027872521804,-0.49672613071325367
65,10,Appliances (t+30),AEC10,LSTM,210.86,138562,209.75949096679688,314.5793914794922,49.58665072917938,163.0377655029297,-4.178902432780435,0.3405870918791467,-0.794279394660589
66,11,Appliances (t+5),AEC10,LSTM,210.66,138562,247.85055541992188,445.9721088409424,99.43529963493347,228.62611389160156,-6.974685999043697,0.7370384756048312,-6.369358194248073
67,11,Appliances (t+10),AEC10,LSTM,210.66,138562,226.66461181640625,379.9929618835449,94.69069838523865,203.622314453125,-5.700053535365243,0.603472465972466,-8.97864957183585
68,11,Appliances (t+15),AEC10,LSTM,210.66,138562,219.43621826171875,351.8038034439087,88.17177414894104,190.0487518310547,-5.296530525969979,0.6811036353699071,-12.52178966068109
69,11,Appliances (t+20),AEC10,LSTM,210.66,138562,206.6085968017578,324.7054100036621,98.99893999099731,187.60353088378906,-4.595407738257781,0.7217419777550634,-13.953793353134182
70,11,Appliances (t+25),AEC10,LSTM,210.66,138562,155.14276123046875,216.79363250732422,73.5113263130188,126.52655029296875,-2.1672842277685302,0.34181935982907546,2.9247163076662006
71,11,Appliances (t+30),AEC10,LSTM,210.66,138562,252.6521759033203,383.32180976867676,99.63006973266602,232.1168670654297,-7.452864624209001,0.7097826715050289,-6.927330136905985
72,12,Appliances (t+5),AEC10,LSTM,210.7,138562,188.0109100341797,219.1490888595581,50.19969344139099,163.45687866210938,-2.9061689178133308,0.40101973684424647,-0.7850616846918081
73,12,Appliances (t+10),AEC10,LSTM,210.7,138562,117.39434814453125,105.32164573669434,34.42798554897308,77.23578643798828,-0.5073392834315031,0.4735407529523221,-0.2516615150366695
74,12,Appliances (t+15),AEC10,LSTM,210.7,138562,107.1568374633789,80.33487200737,28.771504759788513,64.86302185058594,-0.2499964187492305,0.46290845597570257,-0.11512265994848622
75,12,Appliances (t+20),AEC10,LSTM,210.7,138562,94.25848388671875,57.51020312309265,25.364047288894653,51.189453125,0.03773138994604053,0.6070772234056729,0.10068292320602094
76,12,Appliances (t+25),AEC10,LSTM,210.7,138562,161.620849609375,180.1581859588623,87.55866289138794,127.4140396118164,-1.8076003537232213,0.4369224082876122,4.282725529087541
77,12,Appliances (t+30),AEC10,LSTM,210.7,138562,130.18312072753906,116.1547303199768,76.90688371658325,91.896484375,-0.8178445467819222,0.3771742263483643,1.630736666062135
78,13,Appliances (t+5),AEC10,LSTM,63.36,138562,160.19337463378906,44.4537490606308,26.820385456085205,83.9262466430664,-0.10043010070664793,0.8835318575082972,0.6593575254610787
79,13,Appliances (t+10),AEC10,LSTM,63.36,138562,166.2222442626953,41.643714904785156,28.392881155014038,88.75560760498047,-0.18872491319531703,2.0317286806141435,0.8217447808801881
80,13,Appliances (t+15),AEC10,LSTM,63.36,138562,179.49539184570312,47.128427028656006,34.250831604003906,99.71353149414062,-0.38956877696981995,1.4427877568584455,1.0287052359536843
81,13,Appliances (t+20),AEC10,LSTM,63.36,138562,182.96365356445312,51.377469301223755,39.409589767456055,104.74481201171875,-0.4488698522869925,1.1155444336400853,1.1564325407781548
82,13,Appliances (t+25),AEC10,LSTM,63.36,138562,189.3992919921875,55.121225118637085,42.31967628002167,110.43941497802734,-0.5553871783815307,0.8915226544587581,1.2604959927027932
83,13,Appliances (t+30),AEC10,LSTM,63.36,138562,195.300537109375,63.86733651161194,50.59834122657776,119.1353759765625,-0.64729022547715,1.0141662345631275,1.3955346165939164
84,14,Appliances (t+5),AEC10,LSTM,143.22,138562,130.11996459960938,99.3718147277832,28.563332557678223,86.9473876953125,-0.8248975748178484,0.25458284175925,-0.4567479677884387
85,14,Appliances (t+10),AEC10,LSTM,143.22,138562,258.91583251953125,344.8712348937988,56.68131709098816,234.22250366210938,-6.188262434900681,0.483174455501773,-1.0377556085326036
86,14,Appliances (t+15),AEC10,LSTM,143.22,138562,307.6579895019531,443.72286796569824,61.99007034301758,286.265380859375,-9.27779765786915,0.5210765605982324,-1.1556209393155557
87,14,Appliances (t+20),AEC10,LSTM,143.22,138562,196.60328674316406,283.8183641433716,53.196531534194946,182.50390625,-3.1778074207973503,0.4842509185272925,-0.895888560639309
88,14,Appliances (t+25),AEC10,LSTM,143.22,138562,110.86823272705078,105.26132583618164,34.63411629199982,81.43836212158203,-0.32254420863622135,0.41079018869912926,-0.23057126110025827
89,14,Appliances (t+30),AEC10,LSTM,143.22,138562,164.73472595214844,147.55752086639404,79.32276129722595,125.74858856201172,-1.9069482111726508,0.4219929520187546,2.601358257367956
90,15,Appliances (t+5),AEC10,LSTM,214.03,138562,119.2439193725586,102.53474712371826,44.170454144477844,65.871337890625,-4.934645701884984,0.1509867910579488,0.92882043763909
91,15,Appliances (t+10),AEC10,LSTM,214.03,138562,271.855712890625,340.40229320526123,55.57488799095154,215.827392578125,-44.76130397077609,0.3892698487609409,-1.2017291793471112
92,15,Appliances (t+15),AEC10,LSTM,214.03,138562,156.430908203125,234.32741165161133,48.2518345117569,134.85684204101562,-13.970813381983639,0.19813844652637475,-0.9189985179345863
93,15,Appliances (t+20),AEC10,LSTM,214.03,138562,667.1918334960938,1002.2056579589844,73.08821678161621,538.4629516601562,-407.96258802233507,0.248764854291266,-1.5697947383085045
94,15,Appliances (t+25),AEC10,LSTM,214.03,138562,134.48675537109375,205.80804347991943,53.260111808776855,113.54866027832031,-6.752866364549016,0.23004590726275637,-0.6748348654771362
95,15,Appliances (t+30),AEC10,LSTM,214.03,138562,84.92132568359375,83.82112383842468,47.52817451953888,59.49667739868164,-1.4902317471156223,0.20138333250349402,0.8345410651892813
96,16,Appliances (t+5),AEC10,LSTM,211.65,138562,116.77517700195312,36.75989806652069,24.688872694969177,57.988040924072266,-0.2012030060087635,0.6889959122879483,0.6355556041220162
97,16,Appliances (t+10),AEC10,LSTM,211.65,138562,110.41846466064453,31.477785110473633,21.600665152072906,54.67219543457031,-0.07141442697325195,0.6506387357635383,0.5931228101313734
98,16,Appliances (t+15),AEC10,LSTM,211.65,138562,129.67832946777344,46.60705626010895,33.82362127304077,69.23291015625,-0.4692164547334958,0.8805202308006398,0.895241082698659
99,16,Appliances (t+20),AEC10,LSTM,211.65,138562,119.77825927734375,32.52290189266205,21.865156292915344,57.3211784362793,-0.24407317446324006,1.0656935693906078,0.6161661249308485
100,16,Appliances (t+25),AEC10,LSTM,211.65,138562,125.51900482177734,39.10776972770691,28.022274374961853,64.1825180053711,-0.3617214155641606,1.3191647901286994,0.798655244677276
101,16,Appliances (t+30),AEC10,LSTM,211.65,138562,123.90705871582031,36.78085207939148,25.772377848625183,61.574127197265625,-0.32748370768320645,1.4030659037471889,0.7084258271371742
102,17,Appliances (t+5),AEC10,LSTM,190.62,138562,54.80232620239258,86.84183359146118,27.368882298469543,40.46502685546875,-0.9589712264051429,0.5592432416945411,-0.4438428163805534
103,17,Appliances (t+10),AEC10,LSTM,190.62,138562,51.532691955566406,66.91501140594482,22.72074818611145,32.88569259643555,-0.8076447191874554,0.38519100577926824,-0.3265266964437948
104,17,Appliances (t+15),AEC10,LSTM,190.62,138562,61.9851188659668,125.16310214996338,35.11301875114441,55.38344192504883,-32.15145921574935,0.4815349479579206,-0.7218684309470753
105,17,Appliances (t+20),AEC10,LSTM,190.62,138562,48.18545150756836,104.21035289764404,31.94446861743927,45.53645706176758,-19.074657539833517,0.6249286712594773,-0.6328735105179485
106,17,Appliances (t+25),AEC10,LSTM,190.62,138562,74.09619140625,151.43243074417114,39.27597403526306,66.70050811767578,-46.34942663650772,0.5225830321681247,-0.8061651861805228
107,17,Appliances (t+30),AEC10,LSTM,190.62,138562,33.342979431152344,55.46501874923706,20.754261314868927,25.3260498046875,-9.091954234427547,0.24395903808152192,-0.2785863856463473
108,18,Appliances (t+5),AEC10,LSTM,157.21,138562,56.07508087158203,40.57324528694153,19.317036867141724,34.373138427734375,-0.1444256157026238,0.17690088459672593,0.015552996856346599
109,18,Appliances (t+10),AEC10,LSTM,157.21,138562,80.03034973144531,48.161581158638,19.760005176067352,43.894378662109375,-1.1667100810264062,0.16736423182908752,-0.09595138272976592
110,18,Appliances (t+15),AEC10,LSTM,157.21,138562,76.6747055053711,52.55782604217529,20.399323105812073,46.57634735107422,-0.62378415935855,0.344870448989105,-0.1345906393977481
111,18,Appliances (t+20),AEC10,LSTM,157.21,138562,93.86944580078125,76.78795456886292,23.862500488758087,60.22871398925781,-1.3767304040553539,0.2943775568544515,-0.3256964026560266
112,18,Appliances (t+25),AEC10,LSTM,157.21,138562,121.59071350097656,109.99222993850708,29.933062195777893,85.1911849975586,-2.5410287525244795,0.22317533304467502,-0.5001713220812073
113,18,Appliances (t+30),AEC10,LSTM,157.21,138562,110.519775390625,101.39693021774292,28.5343199968338,77.89449310302734,-1.9255572985595588,0.24315064722237814,-0.493311968682568
114,19,Appliances (t+5),AEC10,LSTM,210.74,138562,117.07403564453125,146.33020162582397,38.16453516483307,102.44219970703125,-6.2162807886024645,0.3868542550033237,-0.7635108021648113
115,19,Appliances (t+10),AEC10,LSTM,210.74,138562,119.85155487060547,130.29338121414185,39.07519280910492,98.9083251953125,-6.542598208619758,0.3022695020340659,-0.6965911290060272
116,19,Appliances (t+15),AEC10,LSTM,210.74,138562,69.33716583251953,70.45668959617615,26.158666610717773,52.9208984375,-1.5308372148186988,0.24691680061919377,-0.37348776389175137
117,19,Appliances (t+20),AEC10,LSTM,210.74,138562,70.38066864013672,80.50422072410583,27.76736319065094,56.577308654785156,-1.609608306552691,0.2835754987813084,-0.4222860414076843
118,19,Appliances (t+25),AEC10,LSTM,210.74,138562,41.80231857299805,33.81286263465881,15.325766801834106,26.627450942993164,0.0781914714712707,0.3065491106791128,0.0025928852113955864
119,19,Appliances (t+30),AEC10,LSTM,210.74,138562,84.50296783447266,90.7183289527893,74.49707984924316,71.40670013427734,-2.780958433745099,0.6150692670973125,1.538877962563699
120,20,Appliances (t+5),AEC10,LSTM,52.11,138562,123.63229370117188,32.03757107257843,20.227086544036865,58.34941864013672,-0.043162138216667145,0.750519420827483,0.5561935776350074
121,20,Appliances (t+10),AEC10,LSTM,52.11,138562,138.10276794433594,46.441930532455444,32.904285192489624,74.0093002319336,-0.3005551770341146,1.6261590761331,0.9147157032535873
122,20,Appliances (t+15),AEC10,LSTM,52.11,138562,163.8426513671875,55.012303590774536,41.42853915691376,92.42630767822266,-0.457964640751541,3.221812420861863,1.1456678161960896
123,20,Appliances (t+20),AEC10,LSTM,52.11,138562,177.37734985351562,79.31122779846191,68.35441589355469,113.75651550292969,-0.6949441607133944,4.173377178330653,1.5503054852594433
124,20,Appliances (t+25),AEC10,LSTM,52.11,138562,184.4597625732422,91.44816398620605,79.89272475242615,125.0876693725586,-0.8302851172037786,3.4482197480971513,1.7764261067334122
125,20,Appliances (t+30),AEC10,LSTM,52.11,138562,195.40701293945312,107.82136917114258,93.55188608169556,141.1932373046875,-1.0204215493363482,3.1966885344624503,2.121730969489985
126,21,Appliances (t+5),AEC10,LSTM,213.9,138562,72.44657897949219,41.9464111328125,20.905762910842896,37.496429443359375,0.16963306427698843,0.2021176410689361,0.15459814300191876
127,21,Appliances (t+10),AEC10,LSTM,213.9,138562,75.1554183959961,68.03926825523376,24.890466034412384,47.09836196899414,0.11061923221981251,0.2699301064531976,-0.15103275588239531
128,21,Appliances (t+15),AEC10,LSTM,213.9,138562,89.4028091430664,45.96715569496155,28.4860759973526,45.58844757080078,-0.2587332245803575,0.36104548785456586,0.4990131433015517
129,21,Appliances (t+20),AEC10,LSTM,213.9,138562,93.29817962646484,52.9640257358551,32.60523080825806,48.94957733154297,-0.37016843497588825,0.5205075331727927,0.5452840564652822
130,21,Appliances (t+25),AEC10,LSTM,213.9,138562,76.96410369873047,42.154550552368164,21.788939833641052,38.6735954284668,-0.09669654434626263,0.662711770764813,0.24343634905284425
131,21,Appliances (t+30),AEC10,LSTM,213.9,138562,86.78079986572266,66.93369746208191,35.487112402915955,50.924320220947266,-0.8775121837826829,0.28788831590645336,0.5705601439498018
132,22,Appliances (t+5),AEC10,LSTM,187.68,138562,93.70758056640625,102.5686502456665,59.59866642951965,73.5062484741211,-4.25670132718621,0.19530027876597542,0.878375107070403
133,22,Appliances (t+10),AEC10,LSTM,187.68,138562,387.79278564453125,553.3960342407227,70.13766169548035,372.974365234375,-89.17172327705036,0.6310720701410477,-1.408223393383819
134,22,Appliances (t+15),AEC10,LSTM,187.68,138562,330.64599609375,478.72633934020996,67.64828562736511,322.2181091308594,-64.51364973974518,0.877727666774493,-1.344187433903275
135,22,Appliances (t+20),AEC10,LSTM,187.68,138562,776.7909545898438,1113.206672668457,82.63946771621704,760.4552001953125,-361.7040056726692,0.8493828048698611,-1.6576752894143487
136,22,Appliances (t+25),AEC10,LSTM,187.68,138562,1312.3375244140625,1864.9381637573242,88.87829184532166,1289.83349609375,-1044.4729422332928,0.9351218883798373,-1.7819186369185434
137,22,Appliances (t+30),AEC10,LSTM,187.68,138562,1002.7218627929688,1439.4474029541016,85.99907755851746,986.9315795898438,-606.6617699722353,0.9719377054747314,-1.7246773060545872
138,23,Appliances (t+5),AEC10,LSTM,210.11,138562,163.52310180664062,181.51750564575195,39.10868763923645,122.52848052978516,-0.8369397828311922,0.5378099195120619,-0.3769556980718023
139,23,Appliances (t+10),AEC10,LSTM,210.11,138562,178.23741149902344,221.1890459060669,39.78528380393982,133.64938354492188,-1.4333857503076533,0.3872804744111354,-0.559382938435652
140,23,Appliances (t+15),AEC10,LSTM,210.11,138562,189.4921112060547,218.0497646331787,39.76708948612213,130.31973266601562,-2.459413541475248,0.26841741438908956,-0.5503045497782295
141,23,Appliances (t+20),AEC10,LSTM,210.11,138562,167.72909545898438,177.21099853515625,35.902878642082214,110.96061706542969,-1.7682965505859878,0.2280020987579445,-0.4744289083997281
142,23,Appliances (t+25),AEC10,LSTM,210.11,138562,126.54444122314453,88.58491778373718,46.760061383247375,77.70930480957031,-0.5677695654432069,0.5309354495250291,0.8368858409116865
143,23,Appliances (t+30),AEC10,LSTM,210.11,138562,142.4370880126953,97.98792004585266,52.024781703948975,87.5293960571289,-0.981235280757113,0.5037231152710376,1.1249062517637434
144,24,Appliances (t+5),AEC10,LSTM,210.66,138562,265.7947692871094,397.85962104797363,59.92429852485657,236.83506774902344,-19.51077893205669,0.41477984752670705,-1.2173436915520521
145,24,Appliances (t+10),AEC10,LSTM,210.66,138562,434.3314208984375,680.2565097808838,69.45205926895142,397.51275634765625,-53.850067530483365,0.5558593633440645,-1.4507619666687743
146,24,Appliances (t+15),AEC10,LSTM,210.66,138562,669.234375,982.3283195495605,75.0214695930481,597.42236328125,-129.7595512136216,0.48510756905483376,-1.5947017968598534
147,24,Appliances (t+20),AEC10,LSTM,210.66,138562,285.7125549316406,431.5955638885498,61.232173442840576,256.0760803222656,-22.76126755738545,0.4368401597931737,-1.2428827450895292
148,24,Appliances (t+25),AEC10,LSTM,210.66,138562,115.38868713378906,163.07824850082397,41.18783175945282,94.3466796875,-2.7991974155023245,0.19500035533783963,-0.5470533806001179
149,24,Appliances (t+30),AEC10,LSTM,210.66,138562,347.6532287597656,385.5394124984741,88.64761590957642,285.1833801269531,-33.268579479248,0.3188501110443227,-4.795853784741645
150,25,Appliances (t+5),AEC10,LSTM,210.99,138562,356.1922912597656,464.29314613342285,53.64707112312317,261.1759948730469,-51.498670817887714,0.38879297623580256,-1.3174756188756394
151,25,Appliances (t+10),AEC10,LSTM,210.99,138562,153.39743041992188,201.16631984710693,39.27702307701111,112.31201934814453,-8.853960794833393,0.35206847258997237,-0.8929144133390724
152,25,Appliances (t+15),AEC10,LSTM,210.99,138562,80.46841430664062,106.24550580978394,31.118351221084595,61.93707275390625,-1.7115999685636991,0.33283830665785424,-0.5211296304614315
153,25,Appliances (t+20),AEC10,LSTM,210.99,138562,60.15451431274414,61.99098825454712,22.378776967525482,39.15221405029297,-0.5126644252819024,0.25172857673661747,-0.24679563243845024
154,25,Appliances (t+25),AEC10,LSTM,210.99,138562,57.25117492675781,41.16111695766449,20.36270946264267,29.803817749023438,-0.3713666147775927,0.45190436016941776,-0.019337501869885518
155,25,Appliances (t+30),AEC10,LSTM,210.99,138562,55.72067642211914,61.59479022026062,22.40951359272003,38.45398712158203,-0.2984976781322519,0.5306754994623796,-0.299957511571959
156,26,Appliances (t+5),AEC10,LSTM,210.67,138562,158.86553955078125,51.8476665019989,39.256781339645386,93.25833892822266,-0.5917939605751932,0.6029216830456515,1.0259861752188262
157,26,Appliances (t+10),AEC10,LSTM,210.67,138562,160.99708557128906,54.48283553123474,40.20598232746124,99.59712982177734,-0.4466687122603936,0.6303017461173894,1.0746526319031047
158,26,Appliances (t+15),AEC10,LSTM,210.67,138562,187.02626037597656,60.26010513305664,45.440101623535156,112.33443450927734,-0.9130514060319386,0.3701342574535366,1.2302564265848874
159,26,Appliances (t+20),AEC10,LSTM,210.67,138562,164.4728240966797,37.73231506347656,26.22007727622986,87.9572982788086,-0.4986557708959405,0.2619665661272614,0.7454282725262715
160,26,Appliances (t+25),AEC10,LSTM,210.67,138562,184.1368865966797,57.81359672546387,31.578874588012695,105.05928039550781,-0.8972853993805421,0.2513228422310187,0.56310060953732
161,26,Appliances (t+30),AEC10,LSTM,210.67,138562,153.70932006835938,51.250845193862915,28.807547688484192,92.63835144042969,-0.3235122843223832,0.31576820759721175,0.4531819566574529
162,27,Appliances (t+5),AEC10,LSTM,209.27,138562,371.26953125,419.61188316345215,47.43049740791321,222.73703002929688,-128.34710996957884,0.19748910200975991,-1.2648773903575943
163,27,Appliances (t+10),AEC10,LSTM,209.27,138562,181.1697540283203,213.00601959228516,37.771838903427124,116.02340698242188,-29.90984323881996,0.2317467222076657,-0.9374270399646587
164,27,Appliances (t+15),AEC10,LSTM,209.27,138562,59.79887008666992,70.77116966247559,32.221171259880066,40.32057189941406,-2.369503539478334,0.16696273707218282,0.2928992317763228
165,27,Appliances (t+20),AEC10,LSTM,209.27,138562,35.37192153930664,47.85993993282318,17.980901896953583,25.928972244262695,-0.17405078424063158,0.23831038572177857,-0.24180490356071802
166,27,Appliances (t+25),AEC10,LSTM,209.27,138562,38.36758041381836,50.391942262649536,18.66396814584732,27.861345291137695,-0.3795001975189649,0.30646536386532874,-0.2374642030569929
167,27,Appliances (t+30),AEC10,LSTM,209.27,138562,61.68897247314453,80.65025210380554,30.108642578125,45.01422882080078,-2.546976049408568,0.17410992600718378,-0.12571796463128324
168,28,Appliances (t+5),AEC10,LSTM,89.84,138562,267.6725158691406,308.7056636810303,52.65967845916748,252.02882385253906,-4.290624277913688,0.7948920277824097,-0.9288928967256787
169,28,Appliances (t+10),AEC10,LSTM,89.84,138562,638.5978393554688,580.928373336792,64.69166874885559,538.421875,-30.08843996408692,0.5293059227923073,-1.324476431517499
170,28,Appliances (t+15),AEC10,LSTM,89.84,138562,960.7610473632812,771.1411952972412,67.01766848564148,750.1741333007812,-82.70231818009835,0.49567408406103175,-1.4830669960224931
171,28,Appliances (t+20),AEC10,LSTM,89.84,138562,1156.8504638671875,896.9520568847656,68.13083291053772,879.4757690429688,-125.0455102012724,0.4751360393741086,-1.5546065288812043
172,28,Appliances (t+25),AEC10,LSTM,89.84,138562,968.2177124023438,776.1947154998779,67.95547008514404,740.480712890625,-105.0517110343706,0.44776839521477996,-1.5161738316614597
173,28,Appliances (t+30),AEC10,LSTM,89.84,138562,997.9457397460938,851.0613441467285,70.9282636642456,788.0173950195312,-148.0913394613572,0.4681783154432837,-1.5652999416611362
174,29,Appliances (t+5),AEC10,LSTM,196.36,138562,210.74774169921875,77.76306867599487,31.31314218044281,112.91600799560547,-1.1193647083263185,0.22832018814230304,0.10241666890378716
175,29,Appliances (t+10),AEC10,LSTM,196.36,138562,185.0690155029297,59.92942452430725,37.7712219953537,101.44384002685547,-0.5150469398596937,0.6711178285514454,0.6805638785871276
176,29,Appliances (t+15),AEC10,LSTM,196.36,138562,179.3086700439453,55.19096851348877,32.9407662153244,100.13570404052734,-0.4075804191405077,0.702375519653703,0.6425758991500214
177,29,Appliances (t+20),AEC10,LSTM,196.36,138562,183.99192810058594,43.142545223236084,29.721295833587646,98.37368774414062,-0.40379445382415047,0.4199681400705658,0.834923638002609
178,29,Appliances (t+25),AEC10,LSTM,196.36,138562,187.5389404296875,78.54939103126526,33.7889701128006,118.59234619140625,-0.45172402474658946,0.25130782570546445,0.25314213429126153
179,29,Appliances (t+30),AEC10,LSTM,196.36,138562,300.3780517578125,200.6702423095703,45.16097009181976,213.480224609375,-2.7338188675507555,0.29353303831280625,-0.37648042422035854
